count;timestampStart;timestampEnd;Protocol;direction;filesize_Byte;start;end;duration;bytes;bits_per_second;packets_retransmits;omitted;sender
0;1608298939456;1608298941566;TCP;download;2097152;0.0;0.100142;0.10014200210571289;85432;6824868.542956864;0;false;false;
0;1608298939456;1608298941566;TCP;download;2097152;0.100142;0.200124;0.09998200088739395;141904;1.135436368470531E7;;false;false;
0;1608298939456;1608298941566;TCP;download;2097152;0.200124;0.301487;0.10136300325393677;40544;3199905.1881624544;;false;false;
0;1608298939456;1608298941566;TCP;download;2097152;0.301487;0.400099;0.0986120030283928;165072;1.3391635495120956E7;;false;false;
0;1608298939456;1608298941566;TCP;download;2097152;0.400099;0.500119;0.10001999884843826;139008;1.111841644474648E7;;false;false;
0;1608298939456;1608298941566;TCP;download;2097152;0.500119;0.600125;0.10000599920749664;136112;1.0888306787882924E7;;false;false;
0;1608298939456;1608298941566;TCP;download;2097152;0.600125;0.700107;0.09998200088739395;150592;1.20495288082587E7;;false;false;
0;1608298939456;1608298941566;TCP;download;2097152;0.700107;0.800436;0.10032899677753448;89776;7158528.67135237;;false;false;
0;1608298939456;1608298941566;TCP;download;2097152;0.800436;0.90011;0.0996740013360977;146248;1.1738106068952218E7;;false;false;
0;1608298939456;1608298941566;TCP;download;2097152;0.90011;1.000143;0.1000330001115799;191136;1.5285835657177212E7;;false;false;
0;1608298939456;1608298941566;TCP;download;2097152;1.000143;1.100124;0.09998100250959396;91224;7299306.685087207;;false;false;
0;1608298939456;1608298941566;TCP;download;2097152;1.100124;1.200081;0.09995699673891068;154936;1.240021249575518E7;;false;false;
0;1608298939456;1608298941566;TCP;download;2097152;1.200081;1.300104;0.10002300143241882;189688;1.5171550326104853E7;;false;false;
0;1608298939456;1608298941566;TCP;download;2097152;1.300104;1.400082;0.0999779999256134;141904;1.1354818068421515E7;;false;false;
0;1608298939456;1608298941566;TCP;download;2097152;1.400082;1.500084;0.1000019982457161;220096;1.7607328162319276E7;;false;false;
0;1608298939456;1608298941566;TCP;download;2097152;1.500084;1.508928;0.00884400028735399;17376;1.57177742518583E7;;false;false;
1;1608298952617;1608298955135;TCP;download;2097152;0.0;0.10021;0.100210003554821;60816;4855084.15069399;0;false;false;
1;1608298952617;1608298955135;TCP;download;2097152;0.10021;0.200149;0.0999390035867691;52128;4172785.249333922;;false;false;
1;1608298952617;1608298955135;TCP;download;2097152;0.200149;0.300137;0.09998799860477448;123080;9847581.84721764;;false;false;
1;1608298952617;1608298955135;TCP;download;2097152;0.300137;0.400413;0.10027600079774857;78192;6238142.67644831;;false;false;
1;1608298952617;1608298955135;TCP;download;2097152;0.400413;0.50014;0.09972699731588364;81088;6504798.273884058;;false;false;
1;1608298952617;1608298955135;TCP;download;2097152;0.50014;0.600153;0.10001300275325775;185344;1.4825592264818806E7;;false;false;
1;1608298952617;1608298955135;TCP;download;2097152;0.600153;0.701001;0.1008479967713356;179552;1.4243376626081659E7;;false;false;
1;1608298952617;1608298955135;TCP;download;2097152;0.701001;0.800037;0.09903600066900253;154936;1.2515529621825185E7;;false;false;
1;1608298952617;1608298955135;TCP;download;2097152;0.800037;0.900169;0.10013200342655182;150592;1.203147803672669E7;;false;false;
1;1608298952617;1608298955135;TCP;download;2097152;0.900169;1.000162;0.099992997944355;91224;7298431.0402026465;;false;false;
1;1608298952617;1608298955135;TCP;download;2097152;1.000162;1.100164;0.1000019982457161;195480;1.56380875125862E7;;false;false;
1;1608298952617;1608298955135;TCP;download;2097152;1.100164;1.200139;0.09997499734163284;5792;463475.8812912134;;false;false;
1;1608298952617;1608298955135;TCP;download;2097152;1.200139;1.300125;0.0999860018491745;140456;1.1238053119625535E7;;false;false;
1;1608298952617;1608298955135;TCP;download;2097152;1.300125;1.400712;0.10058700293302536;81088;6449183.106011536;;false;false;
1;1608298952617;1608298955135;TCP;download;2097152;1.400712;1.500337;0.09962499886751175;241816;1.9418098087736692E7;;false;false;
1;1608298952617;1608298955135;TCP;download;2097152;1.500337;1.600123;0.09978599846363068;166520;1.3350169567983394E7;;false;false;
1;1608298952617;1608298955135;TCP;download;2097152;1.600123;1.700394;0.10027100145816803;105704;8433465.18637084;;false;false;
1;1608298952617;1608298955135;TCP;download;2097152;1.700394;1.72449;0.02409599907696247;10485;3481075.83055958;;false;false;
2;1608298966228;1608298969654;UDP;upload;4194304;0.0;0.100085;0.10008499771356583;2276256;1.819458302043979E8;1572;false;true;
2;1608298966228;1608298969654;UDP;upload;4194304;0.100085;0.200135;0.10005000233650208;172312;1.3778070642753717E7;119;false;true;
2;1608298966228;1608298969654;UDP;upload;4194304;0.200135;0.300144;0.1000090017914772;165072;1.3204571352021433E7;114;false;true;
2;1608298966228;1608298969654;UDP;upload;4194304;0.300144;0.40013;0.0999860018491745;147696;1.1817334208266027E7;102;false;true;
2;1608298966228;1608298969654;UDP;upload;4194304;0.40013;0.500122;0.09999199956655502;156384;1.251172099191078E7;108;false;true;
2;1608298966228;1608298969654;UDP;upload;4194304;0.500122;0.600186;0.1000640019774437;154936;1.2386952105707344E7;107;false;true;
2;1608298966228;1608298969654;UDP;upload;4194304;0.600186;0.700128;0.09994199872016907;165072;1.3213423955003388E7;114;false;true;
2;1608298966228;1608298969654;UDP;upload;4194304;0.700128;0.800197;0.10006900131702423;82536;6598327.067421912;57;false;true;
2;1608298966228;1608298969654;UDP;upload;4194304;0.800197;0.900201;0.10000400245189667;144800;1.1583536374528676E7;100;false;true;
2;1608298966228;1608298969654;UDP;upload;4194304;0.900201;1.000068;0.09986700117588043;272224;2.1806922951101623E7;188;false;true;
2;1608298966228;1608298969654;UDP;upload;4194304;1.000068;1.100179;0.10011100023984909;173760;1.3885387186918546E7;120;false;true;
2;1608298966228;1608298969654;UDP;upload;4194304;1.100179;1.20015;0.0999709963798523;165072;1.320959125967202E7;114;false;true;
2;1608298966228;1608298969654;UDP;upload;4194304;1.20015;1.300607;0.10045699775218964;98464;7841285.501515303;68;false;true;
2;1608298966228;1608298969654;UDP;upload;4194304;1.300607;1.314548;0.01394100021570921;20272;1.1633024710612541E7;14;false;true;
3;1608298982112;1608298982618;UDP;upload;104858;0.0;0.005411;0.005410999990999699;105704;1.5628017028397128E8;73;false;true;
4;1608298995222;1608298996434;TCP;download;2097152;0.0;0.10024;0.10023999959230423;63712;5084756.60487863;0;false;false;
4;1608298995222;1608298996434;TCP;download;2097152;0.10024;0.200123;0.09988299757242203;241816;1.936794096109635E7;;false;false;
4;1608298995222;1608298996434;TCP;download;2097152;0.200123;0.300126;0.10000299662351608;236024;1.888135419689998E7;;false;false;
4;1608298995222;1608298996434;TCP;download;2097152;0.300126;0.400111;0.0999850034713745;308424;2.4677620786465332E7;;false;false;
4;1608298995222;1608298996434;TCP;download;2097152;0.400111;0.500124;0.10001300275325775;359104;2.8724585013086434E7;;false;false;
4;1608298995222;1608298996434;TCP;download;2097152;0.500124;0.600121;0.09999699890613556;419920;3.359460820572565E7;;false;false;
4;1608298995222;1608298996434;TCP;download;2097152;0.600121;0.694369;0.0942479968070984;469501;3.985239079073044E7;;false;false;
5;1608299008338;1608299009249;UDP;download;524288;0.0;0.009159;0.009158999659121037;525624;4.59110400316746E8;0;false;false;
6;1608299021445;1608299022458;TCP;upload;3145728;0.0;0.100523;0.10052300244569778;629120;5.0067744471906215E7;0;false;true;
6;1608299021445;1608299022458;TCP;upload;3145728;0.100523;0.200164;0.09964100271463394;314560;2.5255466438922267E7;0;false;true;
6;1608299021445;1608299022458;TCP;upload;3145728;0.200164;0.300303;0.10013899952173233;1100960;8.795454360504714E7;0;false;true;
6;1608299021445;1608299022458;TCP;upload;3145728;0.300303;0.36657;0.0662669986486435;1258240;1.5189944022319248E8;0;false;true;
7;1608299034607;1608299035414;UDP;download;2097152;0.0;0.035259;0.035259000957012177;2098152;4.7605478159930164E8;0;false;false;
8;1608299047725;1608299048734;UDP;upload;524288;0.0;0.016022;0.016022000461816788;525624;2.6245112213179788E8;363;false;true;
9;1608299060813;1608299063530;TCP;download;10485760;0.0;0.100176;0.10017599910497665;101360;8094553.658010047;0;false;false;
9;1608299060813;1608299063530;TCP;download;10485760;0.100176;0.200133;0.09995699673891068;464808;3.720063748726554E7;;false;false;
9;1608299060813;1608299063530;TCP;download;10485760;0.200133;0.300501;0.10036800056695938;608160;4.84744138820837E7;;false;false;
9;1608299060813;1608299063530;TCP;download;10485760;0.300501;0.400289;0.09978800266981125;88328;7081252.06532242;;false;false;
9;1608299060813;1608299063530;TCP;download;10485760;0.400289;0.500174;0.0998850017786026;754408;6.0422124368354134E7;;false;false;
9;1608299060813;1608299063530;TCP;download;10485760;0.500174;0.600318;0.10014399886131287;288152;2.3019012883562207E7;;false;false;
9;1608299060813;1608299063530;TCP;download;10485760;0.600318;0.700406;0.10008800029754639;774680;6.19199102947002E7;;false;false;
9;1608299060813;1608299063530;TCP;download;10485760;0.700406;0.800151;0.0997449979186058;964368;7.734667563275273E7;;false;false;
9;1608299060813;1608299063530;TCP;download;10485760;0.800151;0.900115;0.0999640002846718;1065728;8.528894377696615E7;;false;false;
9;1608299060813;1608299063530;TCP;download;10485760;0.900115;1.000379;0.10026399791240692;1520400;1.2131173954010959E8;;false;false;
9;1608299060813;1608299063530;TCP;download;10485760;1.000379;1.100143;0.09976399689912796;1686920;1.3527284811619213E8;;false;false;
9;1608299060813;1608299063530;TCP;download;10485760;1.100143;1.200444;0.10030099749565125;1988104;1.5857102518536356E8;;false;false;
9;1608299060813;1608299063530;TCP;download;10485760;1.200444;1.206644;0.006200000178068876;210260;2.7130321801440984E8;;false;false;
10;1608299074897;1608299076008;TCP;download;104858;0.0;0.100111;0.10011100023984909;64236;5133182.15549551;0;false;false;
10;1608299074897;1608299076008;TCP;download;104858;0.100111;0.162583;0.06247200071811676;40640;5204251.44485113;;false;false;
11;1608299087991;1608299088695;TCP;download;524288;0.0;0.100093;0.10009299963712692;214029;1.7106411099751793E7;0;false;false;
11;1608299087991;1608299088695;TCP;download;524288;0.100093;0.169313;0.06921999901533127;311045;3.5948570288896754E7;;false;false;
12;1608299101102;1608299102825;UDP;download;524288;0.0;0.004281;0.004280999768525362;525624;9.82245322907003E8;0;false;false;
13;1608299114296;1608299116916;TCP;download;7340032;0.0;0.10048;0.10047999769449234;33304;2651592.417528529;0;false;false;
13;1608299114296;1608299116916;TCP;download;7340032;0.10048;0.200328;0.09984800219535828;156384;1.2529764967677638E7;;false;false;
13;1608299114296;1608299116916;TCP;download;7340032;0.200328;0.300328;0.10000000149011612;278016;2.22412796685791E7;;false;false;
13;1608299114296;1608299116916;TCP;download;7340032;0.300328;0.400164;0.09983599931001663;311320;2.4946512452548966E7;;false;false;
13;1608299114296;1608299116916;TCP;download;7340032;0.400164;0.500223;0.10005900263786316;356208;2.84798361454151E7;;false;false;
13;1608299114296;1608299116916;TCP;download;7340032;0.500223;0.600139;0.0999160036444664;443088;3.5476839252030216E7;;false;false;
13;1608299114296;1608299116916;TCP;download;7340032;0.600139;0.700335;0.1001959964632988;512592;4.092714424475109E7;;false;false;
13;1608299114296;1608299116916;TCP;download;7340032;0.700335;0.800106;0.09977100044488907;621192;4.98094233578929E7;;false;false;
13;1608299114296;1608299116916;TCP;download;7340032;0.800106;0.900118;0.10001199692487717;708072;5.663896506590984E7;;false;false;
13;1608299114296;1608299116916;TCP;download;7340032;0.900118;1.000135;0.1000170037150383;262088;2.09634754303757E7;;false;false;
13;1608299114296;1608299116916;TCP;download;7340032;1.000135;1.100348;0.10021299868822098;250504;1.999772510784625E7;;false;false;
13;1608299114296;1608299116916;TCP;download;7340032;1.100348;1.200125;0.0997769981622696;821016;6.582807782328854E7;;false;false;
13;1608299114296;1608299116916;TCP;download;7340032;1.200125;1.300273;0.10014799982309341;764544;6.107313187287054E7;;false;false;
13;1608299114296;1608299116916;TCP;download;7340032;1.300273;1.400079;0.0998060032725334;1028080;8.240626545821637E7;;false;false;
13;1608299114296;1608299116916;TCP;download;7340032;1.400079;1.47515;0.07507099956274033;805588;8.584811761582927E7;;false;false;
14;1608299127439;1608299128851;UDP;upload;524288;0.0;0.020878;0.020878000184893608;525624;2.0140779589812174E8;363;false;true;
15;1608299140555;1608299145677;UDP;download;9437184;0.0;0.100087;0.1000870019197464;508248;4.062449590867216E7;0;false;false;
15;1608299140555;1608299145677;UDP;download;9437184;0.100087;0.20026;0.1001729965209961;351864;2.810050710033416E7;243;false;false;
15;1608299140555;1608299145677;UDP;download;9437184;0.20026;0.300182;0.09992200136184692;359104;2.8750745189706832E7;248;false;false;
15;1608299140555;1608299145677;UDP;download;9437184;0.300182;0.40013;0.0999479964375496;406888;3.2567976508002173E7;281;false;false;
15;1608299140555;1608299145677;UDP;download;9437184;0.40013;0.500113;0.09998299926519394;448880;3.5916506069948554E7;310;false;false;
15;1608299140555;1608299145677;UDP;download;9437184;0.500113;0.600016;0.09990300238132477;335936;2.690097330350486E7;232;false;false;
15;1608299140555;1608299145677;UDP;download;9437184;0.600016;0.700333;0.10031700134277344;331592;2.6443533643274076E7;229;false;false;
15;1608299140555;1608299145677;UDP;download;9437184;0.700333;0.800153;0.09982000291347504;388064;3.1101101075813647E7;268;false;false;
15;1608299140555;1608299145677;UDP;download;9437184;0.800153;0.900137;0.09998399764299393;370688;2.9659786264885344E7;256;false;false;
15;1608299140555;1608299145677;UDP;download;9437184;0.900137;1.000107;0.0999699980020523;348968;2.792581830343427E7;241;false;false;
15;1608299140555;1608299145677;UDP;download;9437184;1.000107;1.100113;0.10000599920749664;293944;2.351410933978972E7;203;false;false;
15;1608299140555;1608299145677;UDP;download;9437184;1.100113;1.200117;0.10000400245189667;31856;2548378.002396309;22;false;false;
15;1608299140555;1608299145677;UDP;download;9437184;1.200117;1.300133;0.10001599788665771;224440;1.7952328006913032E7;155;false;false;
15;1608299140555;1608299145677;UDP;download;9437184;1.300133;1.400316;0.10018300265073776;348968;2.7866443669418618E7;252;false;false;
15;1608299140555;1608299145677;UDP;download;9437184;1.400316;1.500112;0.09979599714279175;999120;8.009299199208744E7;816;false;false;
15;1608299140555;1608299145677;UDP;download;9437184;1.500112;1.60034;0.10022799670696259;308424;2.4617792244355977E7;213;false;false;
15;1608299140555;1608299145677;UDP;download;9437184;1.60034;1.70046;0.10012000054121017;0;0.0;0;false;false;
15;1608299140555;1608299145677;UDP;download;9437184;1.70046;1.800757;0.1002969965338707;0;0.0;0;false;false;
15;1608299140555;1608299145677;UDP;download;9437184;1.800757;1.900292;0.0995350033044815;722552;5.807420312548219E7;602;false;false;
15;1608299140555;1608299145677;UDP;download;9437184;1.900292;2.000128;0.09983599931001663;647256;5.186553984320646E7;447;false;false;
15;1608299140555;1608299145677;UDP;download;9437184;2.000128;2.100888;0.10075999796390533;0;0.0;0;false;false;
15;1608299140555;1608299145677;UDP;download;9437184;2.100888;2.200194;0.09930600225925446;0;0.0;0;false;false;
15;1608299140555;1608299145677;UDP;download;9437184;2.200194;2.242501;0.04230700060725212;2011272;3.803194688597678E8;1597;false;false;
16;1608299155720;1608299156729;UDP;upload;3145728;0.0;0.100095;0.1000949963927269;3030664;2.422230168716177E8;2093;false;true;
16;1608299155720;1608299156729;UDP;upload;3145728;0.100095;0.200131;0.10003600269556046;101360;8105881.6641019825;70;false;true;
16;1608299155720;1608299156729;UDP;upload;3145728;0.200131;0.202885;0.0027540000155568123;14480;4.2062454373871565E7;10;false;true;
17;1608299168822;1608299169629;UDP;download;4194304;0.0;0.061303;0.06130300089716911;4194856;5.474258602167337E8;0;false;false;
18;1608299181912;1608299182623;TCP;upload;1048576;0.0;0.100319;0.10031899809837341;524200;4.1802650340344615E7;0;false;true;
18;1608299181912;1608299182623;TCP;upload;1048576;0.100319;0.201826;0.10150700062513351;314520;2.478804402163558E7;0;false;true;
18;1608299181912;1608299182623;TCP;upload;1048576;0.201826;0.217299;0.015472999773919582;262100;1.355134770656591E8;0;false;true;
19;1608299195027;1608299195845;UDP;upload;3145728;0.0;0.080089;0.0800890028476715;3146504;3.14300729250893E8;2173;false;true;
20;1608299208100;1608299209007;UDP;download;9437184;0.0;0.100028;0.10002800077199936;5719600;4.5743991329284483E8;0;false;false;
20;1608299208100;1608299209007;UDP;download;9437184;0.100028;0.148824;0.04879600182175636;3718464;6.096342095539594E8;2568;false;false;
21;1608299221287;1608299222095;UDP;download;7340032;0.0;0.100023;0.10002300143241882;5301128;4.2399271560206E8;0;false;false;
21;1608299221287;1608299222095;UDP;download;7340032;0.100023;0.12819;0.02816700004041195;2040232;5.794673190819966E8;1409;false;false;
22;1608299234387;1608299236701;UDP;download;104858;0.0;8.12E-4;8.120000129565597E-4;105704;1.041418702594577E9;0;false;false;
23;1608299248532;1608299250270;TCP;upload;5242880;0.0;0.100298;0.10029800236225128;786420;6.27266730326012E7;0;false;true;
23;1608299248532;1608299250270;TCP;upload;5242880;0.100298;0.200196;0.09989800304174423;262140;2.099261182552047E7;0;false;true;
23;1608299248532;1608299250270;TCP;upload;5242880;0.200196;0.300297;0.100101001560688;262140;2.095004013250141E7;0;false;true;
23;1608299248532;1608299250270;TCP;upload;5242880;0.300297;0.400569;0.100271999835968;786420;6.274293930800073E7;0;false;true;
23;1608299248532;1608299250270;TCP;upload;5242880;0.400569;0.500294;0.09972500056028366;262140;2.102902971389098E7;0;false;true;
23;1608299248532;1608299250270;TCP;upload;5242880;0.500294;0.600178;0.0998840034008026;524280;4.199110825754405E7;0;false;true;
23;1608299248532;1608299250270;TCP;upload;5242880;0.600178;0.70024;0.10006199777126312;524280;4.19164127582964E7;0;false;true;
23;1608299248532;1608299250270;TCP;upload;5242880;0.70024;0.807759;0.1075190007686615;524280;3.900929110217784E7;0;false;true;
23;1608299248532;1608299250270;TCP;upload;5242880;0.807759;0.908097;0.10033799707889557;524280;4.18011134575676E7;0;false;true;
23;1608299248532;1608299250270;TCP;upload;5242880;0.908097;1.014516;0.10641899704933167;524280;3.941251201658774E7;0;false;true;
23;1608299248532;1608299250270;TCP;upload;5242880;1.014516;1.100439;0.0859230011701584;262140;2.44069686980201E7;0;false;true;
23;1608299248532;1608299250270;TCP;upload;5242880;1.100439;1.121449;0.02101000025868416;262140;9.98153248062521E7;0;false;true;
24;1608299261675;1608299263790;TCP;upload;6291456;0.0;0.100357;0.10035700350999832;943710;7.52282325692182E7;0;false;true;
24;1608299261675;1608299263790;TCP;upload;6291456;0.100357;0.200418;0.10006099939346313;0;0.0;0;false;true;
24;1608299261675;1608299263790;TCP;upload;6291456;0.200418;0.300437;0.10001900047063828;314570;2.516081932591163E7;0;false;true;
24;1608299261675;1608299263790;TCP;upload;6291456;0.300437;0.400178;0.09974099695682526;629140;5.0461897851078026E7;0;false;true;
24;1608299261675;1608299263790;TCP;upload;6291456;0.400178;0.500158;0.09997999668121338;629140;5.034126992470427E7;0;false;true;
24;1608299261675;1608299263790;TCP;upload;6291456;0.500158;0.600182;0.10002399981021881;314570;2.515956175292741E7;0;false;true;
24;1608299261675;1608299263790;TCP;upload;6291456;0.600182;0.70033;0.10014799982309341;314570;2.512840999765728E7;0;false;true;
24;1608299261675;1608299263790;TCP;upload;6291456;0.70033;0.80019;0.09985999763011932;629140;5.0401763663590685E7;0;false;true;
24;1608299261675;1608299263790;TCP;upload;6291456;0.80019;0.900143;0.09995300322771072;314570;2.517743258065822E7;0;false;true;
24;1608299261675;1608299263790;TCP;upload;6291456;0.900143;1.00524;0.10509700328111649;629140;4.7890233240402356E7;1;false;true;
24;1608299261675;1608299263790;TCP;upload;6291456;1.00524;1.100181;0.09494099766016006;314570;2.650656788975391E7;0;false;true;
24;1608299261675;1608299263790;TCP;upload;6291456;1.100181;1.200193;0.10001199692487717;314570;2.51625812640286E7;0;false;true;
24;1608299261675;1608299263790;TCP;upload;6291456;1.200193;1.300407;0.10021399706602097;314570;2.51118613534803E7;0;false;true;
24;1608299261675;1608299263790;TCP;upload;6291456;1.300407;1.400185;0.0997779965400696;629140;5.044318561736968E7;0;false;true;
24;1608299261675;1608299263790;TCP;upload;6291456;1.400185;1.462856;0.06267099827528;314570;4.015509676335623E7;0;false;true;
25;1608299274784;1608299278203;UDP;download;10485760;0.0;0.100014;0.10001400113105774;2586128;2.068612770814881E8;0;false;false;
25;1608299274784;1608299278203;UDP;download;10485760;0.100014;0.201007;0.10099299997091293;195480;1.5484637553596811E7;135;false;false;
25;1608299274784;1608299278203;UDP;download;10485760;0.201007;0.300216;0.0992090031504631;1608728;1.29724355565606E8;1318;false;false;
25;1608299274784;1608299278203;UDP;download;10485760;0.300216;0.400263;0.10004699975252151;26064;2084140.4591420025;18;false;false;
25;1608299274784;1608299278203;UDP;download;10485760;0.400263;0.500116;0.0998530015349388;1039664;8.329556319936714E7;1480;false;false;
25;1608299274784;1608299278203;UDP;download;10485760;0.500116;0.600196;0.10007999837398529;224440;1.794084761362992E7;238;false;false;
25;1608299274784;1608299278203;UDP;download;10485760;0.600196;0.700394;0.10019800066947937;1631896;1.302936976064498E8;1148;false;false;
25;1608299274784;1608299278203;UDP;download;10485760;0.700394;0.800268;0.09987399727106094;459016;3.676760818968462E7;317;false;false;
25;1608299274784;1608299278203;UDP;download;10485760;0.800268;0.900417;0.1001489982008934;900656;7.19452828229661E7;646;false;false;
25;1608299274784;1608299278203;UDP;download;10485760;0.900417;1.000218;0.0998009964823723;0;0.0;0;false;false;
25;1608299274784;1608299278203;UDP;download;10485760;1.000218;1.100202;0.09998399764299393;0;0.0;0;false;false;
25;1608299274784;1608299278203;UDP;download;10485760;1.100202;1.200274;0.1000719964504242;541552;4.32929905834974E7;714;false;false;
25;1608299274784;1608299278203;UDP;download;10485760;1.200274;1.300293;0.10001900047063828;1139576;9.114876130637082E7;1325;false;false;
25;1608299274784;1608299278203;UDP;download;10485760;1.300293;1.335518;0.035225000232458115;133216;3.0254875598779522E7;92;false;false;
26;1608299288868;1608299294609;TCP;upload;9437184;0.0;0.101491;0.10149099677801132;943700;7.438689381002976E7;0;false;true;
26;1608299288868;1608299294609;TCP;upload;9437184;0.101491;0.200758;0.09926699846982956;0;0.0;0;false;true;
26;1608299288868;1608299294609;TCP;upload;9437184;0.200758;0.300605;0.0998469963669777;0;0.0;0;false;true;
26;1608299288868;1608299294609;TCP;upload;9437184;0.300605;0.400212;0.0996069982647896;0;0.0;0;false;true;
26;1608299288868;1608299294609;TCP;upload;9437184;0.400212;0.500543;0.10033100098371506;0;0.0;0;false;true;
26;1608299288868;1608299294609;TCP;upload;9437184;0.500543;0.600285;0.09974200278520584;0;0.0;0;false;true;
26;1608299288868;1608299294609;TCP;upload;9437184;0.600285;0.700323;0.10003799945116043;0;0.0;0;false;true;
26;1608299288868;1608299294609;TCP;upload;9437184;0.700323;0.800408;0.10008499771356583;0;0.0;0;false;true;
26;1608299288868;1608299294609;TCP;upload;9437184;0.800408;0.900438;0.10002999752759933;0;0.0;1;false;true;
26;1608299288868;1608299294609;TCP;upload;9437184;0.900438;1.00053;0.10009200125932693;0;0.0;0;false;true;
26;1608299288868;1608299294609;TCP;upload;9437184;1.00053;1.100411;0.09988100081682205;353708;2.833035288852878E7;73;false;true;
26;1608299288868;1608299294609;TCP;upload;9437184;1.100411;1.203727;0.10331600159406662;0;0.0;63;false;true;
26;1608299288868;1608299294609;TCP;upload;9437184;1.203727;1.300181;0.0964540019631386;402544;3.3387437892216317E7;0;false;true;
26;1608299288868;1608299294609;TCP;upload;9437184;1.300181;1.400213;0.10003200173377991;0;0.0;0;false;true;
26;1608299288868;1608299294609;TCP;upload;9437184;1.400213;1.500492;0.10027900338172913;354760;2.8301836917907577E7;0;false;true;
26;1608299288868;1608299294609;TCP;upload;9437184;1.500492;1.600486;0.099993996322155;0;0.0;0;false;true;
26;1608299288868;1608299294609;TCP;upload;9437184;1.600486;1.700605;0.10011900216341019;385168;3.07768149244112E7;0;false;true;
26;1608299288868;1608299294609;TCP;upload;9437184;1.700605;1.80017;0.09956499934196472;356208;2.862114215671894E7;0;false;true;
26;1608299288868;1608299294609;TCP;upload;9437184;1.80017;1.90036;0.10018999874591827;0;0.0;0;false;true;
26;1608299288868;1608299294609;TCP;upload;9437184;1.90036;2.000459;0.10009899735450745;362000;2.89313587202439E7;0;false;true;
26;1608299288868;1608299294609;TCP;upload;9437184;2.000459;2.100193;0.09973400086164474;366344;2.93856856706838E7;0;false;true;
26;1608299288868;1608299294609;TCP;upload;9437184;2.100193;2.200281;0.10008800029754639;0;0.0;0;false;true;
26;1608299288868;1608299294609;TCP;upload;9437184;2.200281;2.300231;0.09995000064373016;364896;2.9206282953467082E7;0;false;true;
26;1608299288868;1608299294609;TCP;upload;9437184;2.300231;2.400493;0.10026200115680695;0;0.0;0;false;true;
26;1608299288868;1608299294609;TCP;upload;9437184;2.400493;2.500194;0.09970100224018097;369240;2.962778641767281E7;0;false;true;
26;1608299288868;1608299294609;TCP;upload;9437184;2.500194;2.600486;0.10029199719429016;341728;2.7258645519880448E7;0;false;true;
26;1608299288868;1608299294609;TCP;upload;9437184;2.600486;2.700331;0.0998449996113777;0;0.0;0;false;true;
26;1608299288868;1608299294609;TCP;upload;9437184;2.700331;2.800357;0.10002599656581879;346072;2.7678564523755886E7;0;false;true;
26;1608299288868;1608299294609;TCP;upload;9437184;2.800357;2.900368;0.10001099854707718;0;0.0;0;false;true;
26;1608299288868;1608299294609;TCP;upload;9437184;2.900368;3.00017;0.09980200231075287;347520;2.7856755732649863E7;0;false;true;
26;1608299288868;1608299294609;TCP;upload;9437184;3.00017;3.100261;0.10009100288152695;0;0.0;0;false;true;
26;1608299288868;1608299294609;TCP;upload;9437184;3.100261;3.200159;0.09989800304174423;471850;3.77865411225751E7;0;false;true;
26;1608299288868;1608299294609;TCP;upload;9437184;3.200159;3.300311;0.10015200078487396;0;0.0;0;false;true;
26;1608299288868;1608299294609;TCP;upload;9437184;3.300311;3.400181;0.0998699963092804;376678;3.0173466620224338E7;0;false;true;
26;1608299288868;1608299294609;TCP;upload;9437184;3.400181;3.500273;0.10009200125932693;0;0.0;0;false;true;
26;1608299288868;1608299294609;TCP;upload;9437184;3.500273;3.600206;0.099932998418808;344624;2.7588404667352777E7;0;false;true;
26;1608299288868;1608299294609;TCP;upload;9437184;3.600206;3.703319;0.10311300307512283;363448;2.8198034324358527E7;0;false;true;
26;1608299288868;1608299294609;TCP;upload;9437184;3.703319;3.800192;0.0968730002641678;0;0.0;0;false;true;
26;1608299288868;1608299294609;TCP;upload;9437184;3.800192;3.900174;0.09998200088739395;353312;2.827004835783771E7;0;false;true;
26;1608299288868;1608299294609;TCP;upload;9437184;3.900174;4.000177;0.10000299662351608;382272;3.0580843607249048E7;0;false;true;
26;1608299288868;1608299294609;TCP;upload;9437184;4.000177;4.100243;0.10006599873304367;0;0.0;0;false;true;
26;1608299288868;1608299294609;TCP;upload;9437184;4.100243;4.200248;0.10000500082969666;351864;2.814771238084033E7;0;false;true;
26;1608299288868;1608299294609;TCP;upload;9437184;4.200248;4.300519;0.10027100145816803;354760;2.830409548850488E7;0;false;true;
26;1608299288868;1608299294609;TCP;upload;9437184;4.300519;4.400277;0.09975799918174744;0;0.0;0;false;true;
26;1608299288868;1608299294609;TCP;upload;9437184;4.400277;4.500237;0.09995999932289124;351864;2.81603843444142E7;0;false;true;
26;1608299288868;1608299294609;TCP;upload;9437184;4.500237;4.600247;0.10001000016927719;0;0.0;0;false;true;
26;1608299288868;1608299294609;TCP;upload;9437184;4.600247;4.700214;0.09996700286865234;366344;2.9317193832956508E7;0;false;true;
26;1608299288868;1608299294609;TCP;upload;9437184;4.700214;4.800269;0.10005500167608261;0;0.0;0;false;true;
26;1608299288868;1608299294609;TCP;upload;9437184;4.800269;4.900185;0.0999160036444664;424264;3.396965327073482E7;0;false;true;
26;1608299288868;1608299294609;TCP;upload;9437184;4.900185;5.000534;0.10034900158643723;0;0.0;0;false;true;
26;1608299288868;1608299294609;TCP;upload;9437184;5.000534;5.011298;0.010764000006020069;341728;2.5397844653205428E8;0;false;true;
27;1608299304709;1608299308133;UDP;upload;8388608;0.0;0.100097;0.10009700059890747;2286392;1.8273410682197446E8;1579;false;true;
27;1608299304709;1608299308133;UDP;upload;8388608;0.100097;0.200112;0.10001499950885773;288152;2.3048702807780758E7;199;false;true;
27;1608299304709;1608299308133;UDP;upload;8388608;0.200112;0.300209;0.10009700059890747;270776;2.164108801501534E7;187;false;true;
27;1608299304709;1608299308133;UDP;upload;8388608;0.300209;0.400183;0.09997399896383286;169416;1.3556804909747692E7;117;false;true;
27;1608299304709;1608299308133;UDP;upload;8388608;0.400183;0.500587;0.10040400177240372;169416;1.3498744831627969E7;117;false;true;
27;1608299304709;1608299308133;UDP;upload;8388608;0.500587;0.600217;0.0996299982070923;208512;1.6742909063720675E7;144;false;true;
27;1608299304709;1608299308133;UDP;upload;8388608;0.600217;0.700402;0.10018499940633774;366344;2.925340138111135E7;253;false;true;
27;1608299304709;1608299308133;UDP;upload;8388608;0.700402;0.800197;0.09979499876499176;156384;1.2536419815447485E7;108;false;true;
27;1608299304709;1608299308133;UDP;upload;8388608;0.800197;0.900119;0.09992200136184692;65160;5216869.086841965;45;false;true;
27;1608299304709;1608299308133;UDP;upload;8388608;0.900119;1.000098;0.0999789983034134;292496;2.3404595362105273E7;202;false;true;
27;1608299304709;1608299308133;UDP;upload;8388608;1.000098;1.100108;0.10001000016927719;182448;1.459438053724132E7;126;false;true;
27;1608299304709;1608299308133;UDP;upload;8388608;1.100108;1.200125;0.1000170037150383;170864;1.3666796136930011E7;118;false;true;
27;1608299304709;1608299308133;UDP;upload;8388608;1.200125;1.300518;0.10039299726486206;211408;1.684643397525047E7;146;false;true;
27;1608299304709;1608299308133;UDP;upload;8388608;1.300518;1.400195;0.0996769964694977;309872;2.4870091272850458E7;214;false;true;
27;1608299304709;1608299308133;UDP;upload;8388608;1.400195;1.500123;0.09992799907922745;224440;1.7968137224247135E7;155;false;true;
27;1608299304709;1608299308133;UDP;upload;8388608;1.500123;1.600189;0.10006599873304367;234576;1.8753702793757346E7;162;false;true;
27;1608299304709;1608299308133;UDP;upload;8388608;1.600189;1.700195;0.10000599920749664;244712;1.957578560800228E7;169;false;true;
27;1608299304709;1608299308133;UDP;upload;8388608;1.700195;1.800183;0.09998799860477448;350416;2.803664478854905E7;242;false;true;
27;1608299304709;1608299308133;UDP;upload;8388608;1.800183;1.900566;0.100382998585701;402544;3.2080651558248248E7;278;false;true;
27;1608299304709;1608299308133;UDP;upload;8388608;1.900566;2.000192;0.09962599724531174;275120;2.2092225532061856E7;190;false;true;
27;1608299304709;1608299308133;UDP;upload;8388608;2.000192;2.100109;0.0999170020222664;199824;1.5999199011633232E7;138;false;true;
27;1608299304709;1608299308133;UDP;upload;8388608;2.100109;2.200168;0.10005900263786316;150592;1.2040255931395E7;104;false;true;
27;1608299304709;1608299308133;UDP;upload;8388608;2.200168;2.30005;0.09988199919462204;194032;1.5540898385257574E7;134;false;true;
27;1608299304709;1608299308133;UDP;upload;8388608;2.30005;2.400634;0.1005840003490448;215752;1.715994585630329E7;149;false;true;
27;1608299304709;1608299308133;UDP;upload;8388608;2.400634;2.500505;0.099871002137661;78192;6263439.703326184;54;false;true;
27;1608299304709;1608299308133;UDP;upload;8388608;2.500505;2.600052;0.09954699873924255;95568;7680231.545731254;66;false;true;
27;1608299304709;1608299308133;UDP;upload;8388608;2.600052;2.661011;0.06095900014042854;576304;7.563168669727443E7;398;false;true;
28;1608299319766;1608299320676;UDP;upload;1048576;0.0;0.021129;0.021128999069333076;1049800;3.9748215106836534E8;725;false;true;
29;1608299332886;1608299339733;TCP;upload;3145728;0.0;0.100955;0.10095500200986862;786400;6.231687261404857E7;0;false;true;
29;1608299332886;1608299339733;TCP;upload;3145728;0.100955;0.200265;0.099310003221035;0;0.0;0;false;true;
29;1608299332886;1608299339733;TCP;upload;3145728;0.200265;0.300289;0.10002399981021881;157280;1.2579380972439913E7;0;false;true;
29;1608299332886;1608299339733;TCP;upload;3145728;0.300289;0.400228;0.0999390035867691;157280;1.2590079496916037E7;0;false;true;
29;1608299332886;1608299339733;TCP;upload;3145728;0.400228;0.500219;0.09999100118875504;0;0.0;0;false;true;
29;1608299332886;1608299339733;TCP;upload;3145728;0.500219;0.600142;0.0999229997396469;157280;1.2592095946662841E7;0;false;true;
29;1608299332886;1608299339733;TCP;upload;3145728;0.600142;0.700179;0.10003700107336044;157280;1.2577746098938841E7;0;false;true;
29;1608299332886;1608299339733;TCP;upload;3145728;0.700179;0.800228;0.10004899650812149;0;0.0;0;false;true;
29;1608299332886;1608299339733;TCP;upload;3145728;0.800228;0.900319;0.10009100288152695;157280;1.2570960064106062E7;0;false;true;
29;1608299332886;1608299339733;TCP;upload;3145728;0.900319;1.000195;0.0998760014772415;0;0.0;0;false;true;
29;1608299332886;1608299339733;TCP;upload;3145728;1.000195;1.100138;0.09994299709796906;314560;2.5179152847830072E7;0;false;true;
29;1608299332886;1608299339733;TCP;upload;3145728;1.100138;1.200208;0.10006999969482422;0;0.0;0;false;true;
29;1608299332886;1608299339733;TCP;upload;3145728;1.200208;1.300539;0.10033100098371506;0;0.0;0;false;true;
29;1608299332886;1608299339733;TCP;upload;3145728;1.300539;1.400511;0.0999720022082329;157280;1.2585923780732097E7;0;false;true;
29;1608299332886;1608299339733;TCP;upload;3145728;1.400511;1.500849;0.10033799707889557;0;0.0;0;false;true;
29;1608299332886;1608299339733;TCP;upload;3145728;1.500849;1.600245;0.0993959978222847;0;0.0;0;false;true;
29;1608299332886;1608299339733;TCP;upload;3145728;1.600245;1.700245;0.10000000149011612;0;0.0;0;false;true;
29;1608299332886;1608299339733;TCP;upload;3145728;1.700245;1.800189;0.09994400292634964;0;0.0;0;false;true;
29;1608299332886;1608299339733;TCP;upload;3145728;1.800189;1.900431;0.1002419963479042;0;0.0;2;false;true;
29;1608299332886;1608299339733;TCP;upload;3145728;1.900431;2.000445;0.10001400113105774;0;0.0;0;false;true;
29;1608299332886;1608299339733;TCP;upload;3145728;2.000445;2.100557;0.10011199861764908;0;0.0;25;false;true;
29;1608299332886;1608299339733;TCP;upload;3145728;2.100557;2.200428;0.099871002137661;0;0.0;48;false;true;
29;1608299332886;1608299339733;TCP;upload;3145728;2.200428;2.300483;0.10005500167608261;0;0.0;44;false;true;
29;1608299332886;1608299339733;TCP;upload;3145728;2.300483;2.400171;0.09968800097703934;157280;1.2621779829749063E7;48;false;true;
29;1608299332886;1608299339733;TCP;upload;3145728;2.400171;2.500444;0.100272998213768;0;0.0;50;false;true;
29;1608299332886;1608299339733;TCP;upload;3145728;2.500444;2.600233;0.09978900104761124;0;0.0;52;false;true;
29;1608299332886;1608299339733;TCP;upload;3145728;2.600233;2.700232;0.09999900311231613;0;0.0;62;false;true;
29;1608299332886;1608299339733;TCP;upload;3145728;2.700232;2.800162;0.099930003285408;157280;1.2591213435732277E7;61;false;true;
29;1608299332886;1608299339733;TCP;upload;3145728;2.800162;2.900419;0.10025700181722641;0;0.0;34;false;true;
29;1608299332886;1608299339733;TCP;upload;3145728;2.900419;3.000622;0.1002030000090599;0;0.0;26;false;true;
29;1608299332886;1608299339733;TCP;upload;3145728;3.000622;3.100511;0.09988900274038315;0;0.0;34;false;true;
29;1608299332886;1608299339733;TCP;upload;3145728;3.100511;3.200299;0.09978800266981125;0;0.0;38;false;true;
29;1608299332886;1608299339733;TCP;upload;3145728;3.200299;3.300438;0.10013899952173233;0;0.0;40;false;true;
29;1608299332886;1608299339733;TCP;upload;3145728;3.300438;3.400704;0.1002660021185875;157280;1.25490193426865E7;40;false;true;
29;1608299332886;1608299339733;TCP;upload;3145728;3.400704;3.500777;0.10007300227880478;0;0.0;46;false;true;
29;1608299332886;1608299339733;TCP;upload;3145728;3.500777;3.60027;0.09949299693107605;0;0.0;42;false;true;
29;1608299332886;1608299339733;TCP;upload;3145728;3.60027;3.700515;0.10024499893188477;0;0.0;3;false;true;
29;1608299332886;1608299339733;TCP;upload;3145728;3.700515;3.801331;0.10081599652767181;0;0.0;1;false;true;
29;1608299332886;1608299339733;TCP;upload;3145728;3.801331;3.90035;0.09901899844408035;0;0.0;0;false;true;
29;1608299332886;1608299339733;TCP;upload;3145728;3.90035;4.000402;0.10005199909210205;157280;1.2575860666629333E7;0;false;true;
29;1608299332886;1608299339733;TCP;upload;3145728;4.000402;4.100444;0.10004200041294098;0;0.0;0;false;true;
29;1608299332886;1608299339733;TCP;upload;3145728;4.100444;4.200258;0.0998139977455139;0;0.0;0;false;true;
29;1608299332886;1608299339733;TCP;upload;3145728;4.200258;4.300578;0.1003199964761734;0;0.0;0;false;true;
29;1608299332886;1608299339733;TCP;upload;3145728;4.300578;4.400282;0.09970399737358093;0;0.0;0;false;true;
29;1608299332886;1608299339733;TCP;upload;3145728;4.400282;4.50077;0.10048799961805344;0;0.0;0;false;true;
29;1608299332886;1608299339733;TCP;upload;3145728;4.50077;4.600509;0.0997390002012253;0;0.0;0;false;true;
29;1608299332886;1608299339733;TCP;upload;3145728;4.600509;4.700596;0.1000870019197464;0;0.0;0;false;true;
29;1608299332886;1608299339733;TCP;upload;3145728;4.700596;4.800223;0.09962700307369232;0;0.0;0;false;true;
29;1608299332886;1608299339733;TCP;upload;3145728;4.800223;4.900515;0.10029199719429016;0;0.0;0;false;true;
29;1608299332886;1608299339733;TCP;upload;3145728;4.900515;5.000207;0.0996920019388199;157280;1.262127327698937E7;0;false;true;
29;1608299332886;1608299339733;TCP;upload;3145728;5.000207;5.100245;0.10003799945116043;0;0.0;0;false;true;
29;1608299332886;1608299339733;TCP;upload;3145728;5.100245;5.200299;0.10005400329828262;157280;1.2575608756492376E7;0;false;true;
29;1608299332886;1608299339733;TCP;upload;3145728;5.200299;5.300162;0.0998630002140999;157280;1.2599661509291869E7;0;false;true;
29;1608299332886;1608299339733;TCP;upload;3145728;5.300162;5.400277;0.10011500120162964;0;0.0;0;false;true;
29;1608299332886;1608299339733;TCP;upload;3145728;5.400277;5.466074;0.06579700112342834;157280;1.9123059995389037E7;0;false;true;
30;1608299349838;1608299351561;TCP;upload;4194304;0.0;0.100685;0.1006850004196167;838840;6.6650642817026146E7;0;false;true;
30;1608299349838;1608299351561;TCP;upload;4194304;0.100685;0.200248;0.09956300258636475;0;0.0;0;false;true;
30;1608299349838;1608299351561;TCP;upload;4194304;0.200248;0.300246;0.09999799728393555;0;0.0;0;false;true;
30;1608299349838;1608299351561;TCP;upload;4194304;0.300246;0.400357;0.10011100023984909;0;0.0;0;false;true;
30;1608299349838;1608299351561;TCP;upload;4194304;0.400357;0.500369;0.10001199692487717;209710;1.677478754134036E7;0;false;true;
30;1608299349838;1608299351561;TCP;upload;4194304;0.500369;0.600118;0.09974899888038635;419420;3.363803183652567E7;0;false;true;
30;1608299349838;1608299351561;TCP;upload;4194304;0.600118;0.700371;0.10025300085544586;0;0.0;0;false;true;
30;1608299349838;1608299351561;TCP;upload;4194304;0.700371;0.800809;0.10043799877166748;629130;5.01109148086667E7;0;false;true;
30;1608299349838;1608299351561;TCP;upload;4194304;0.800809;0.90015;0.0993409976363182;419420;3.3776185863200046E7;0;false;true;
30;1608299349838;1608299351561;TCP;upload;4194304;0.90015;1.000583;0.10043299943208694;629130;5.011340922266645E7;0;false;true;
30;1608299349838;1608299351561;TCP;upload;4194304;1.000583;1.100944;0.10036099702119827;0;0.0;0;false;true;
30;1608299349838;1608299351561;TCP;upload;4194304;1.100944;1.208115;0.10717099905014038;1258260;9.39254097583857E7;1;false;true;
31;1608299362948;1608299366672;TCP;upload;8388608;0.0;0.100972;0.1009719967842102;838860;6.646278387800917E7;0;false;true;
31;1608299362948;1608299366672;TCP;upload;8388608;0.100972;0.200409;0.09943699836730957;0;0.0;0;false;true;
31;1608299362948;1608299366672;TCP;upload;8388608;0.200409;0.300317;0.0999080017209053;0;0.0;0;false;true;
31;1608299362948;1608299366672;TCP;upload;8388608;0.300317;0.400269;0.09995199739933014;351396;2.8125180818235856E7;0;false;true;
31;1608299362948;1608299366672;TCP;upload;8388608;0.400269;0.500201;0.099932000041008;0;0.0;0;false;true;
31;1608299362948;1608299366672;TCP;upload;8388608;0.500201;0.600432;0.10023099929094315;341728;2.7275234401928466E7;0;false;true;
31;1608299362948;1608299366672;TCP;upload;8388608;0.600432;0.700137;0.0997050032019615;419430;3.36536772703698E7;0;false;true;
31;1608299362948;1608299366672;TCP;upload;8388608;0.700137;0.800378;0.10024099797010422;0;0.0;0;false;true;
31;1608299362948;1608299366672;TCP;upload;8388608;0.800378;0.900149;0.09977100044488907;419430;3.363141579254243E7;0;false;true;
31;1608299362948;1608299366672;TCP;upload;8388608;0.900149;1.000488;0.10033900290727615;419430;3.3441033922778577E7;0;false;true;
31;1608299362948;1608299366672;TCP;upload;8388608;1.000488;1.1002;0.09971199929714203;419430;3.365131602667779E7;0;false;true;
31;1608299362948;1608299366672;TCP;upload;8388608;1.1002;1.200551;0.1003509983420372;419430;3.343703655606185E7;0;false;true;
31;1608299362948;1608299366672;TCP;upload;8388608;1.200551;1.300229;0.09967800229787827;0;0.0;0;false;true;
31;1608299362948;1608299366672;TCP;upload;8388608;1.300229;1.400183;0.0999540016055107;419430;3.356984158816315E7;1;false;true;
31;1608299362948;1608299366672;TCP;upload;8388608;1.400183;1.500151;0.09996800124645233;419430;3.3565140426563025E7;0;false;true;
31;1608299362948;1608299366672;TCP;upload;8388608;1.500151;1.600695;0.10054399818181992;0;0.0;0;false;true;
31;1608299362948;1608299366672;TCP;upload;8388608;1.600695;1.700182;0.09948699921369553;419430;3.372742193975115E7;0;false;true;
31;1608299362948;1608299366672;TCP;upload;8388608;1.700182;1.800816;0.10063400119543076;419430;3.334300495002431E7;0;false;true;
31;1608299362948;1608299366672;TCP;upload;8388608;1.800816;1.900192;0.09937600046396255;0;0.0;0;false;true;
31;1608299362948;1608299366672;TCP;upload;8388608;1.900192;2.00022;0.10002800077199936;419430;3.354500713903383E7;0;false;true;
31;1608299362948;1608299366672;TCP;upload;8388608;2.00022;2.100334;0.10011400282382965;0;0.0;0;false;true;
31;1608299362948;1608299366672;TCP;upload;8388608;2.100334;2.200503;0.10016900300979614;0;0.0;0;false;true;
31;1608299362948;1608299366672;TCP;upload;8388608;2.200503;2.300379;0.0998760014772415;419430;3.35960586163894E7;0;false;true;
31;1608299362948;1608299366672;TCP;upload;8388608;2.300379;2.400236;0.09985700249671936;0;0.0;0;false;true;
31;1608299362948;1608299366672;TCP;upload;8388608;2.400236;2.500141;0.09990499913692474;419430;3.358630728179281E7;0;false;true;
31;1608299362948;1608299366672;TCP;upload;8388608;2.500141;2.600254;0.10011299699544907;0;0.0;0;false;true;
31;1608299362948;1608299366672;TCP;upload;8388608;2.600254;2.700188;0.09993399679660797;0;0.0;0;false;true;
31;1608299362948;1608299366672;TCP;upload;8388608;2.700188;2.800125;0.09993699938058853;419430;3.3575552806238756E7;0;false;true;
31;1608299362948;1608299366672;TCP;upload;8388608;2.800125;2.900119;0.099993996322155;419430;3.355641461903006E7;0;false;true;
31;1608299362948;1608299366672;TCP;upload;8388608;2.900119;3.000165;0.10004600137472153;419430;3.353897161199102E7;0;false;true;
31;1608299362948;1608299366672;TCP;upload;8388608;3.000165;3.1002;0.10003499686717987;419430;3.3542661119439434E7;0;false;true;
31;1608299362948;1608299366672;TCP;upload;8388608;3.1002;3.122527;0.02232700027525425;419430;1.502861987115638E8;0;false;true;
32;1608299376770;1608299377781;UDP;upload;2097152;0.0;0.04216;0.042160000652074814;2098152;3.9813130314014715E8;1449;false;true;
33;1608299389861;1608299391271;TCP;download;1048576;0.0;0.100179;0.10017900168895721;60266;4812665.247922362;0;false;false;
33;1608299389861;1608299391271;TCP;download;1048576;0.100179;0.20029;0.10011100023984909;73848;5901289.554440382;;false;false;
33;1608299389861;1608299391271;TCP;download;1048576;0.20029;0.300545;0.10025499761104584;70952;5661722.74226319;;false;false;
33;1608299389861;1608299391271;TCP;download;1048576;0.300545;0.400197;0.099651999771595;84882;6814273.687998376;;false;false;
33;1608299389861;1608299391271;TCP;download;1048576;0.400197;0.500163;0.09996599704027176;106254;8503211.34352875;;false;false;
33;1608299389861;1608299391271;TCP;download;1048576;0.500163;0.60016;0.09999699890613556;111496;8919947.696003016;;false;false;
33;1608299389861;1608299391271;TCP;download;1048576;0.60016;0.700251;0.10009100288152695;123978;9909222.32214993;;false;false;
33;1608299389861;1608299391271;TCP;download;1048576;0.700251;0.800113;0.0998620018362999;151142;1.2108068912759151E7;;false;false;
33;1608299389861;1608299391271;TCP;download;1048576;0.800113;0.900134;0.10002099722623825;159280;1.2739725011117285E7;;false;false;
33;1608299389861;1608299391271;TCP;download;1048576;0.900134;0.96174;0.06160600110888481;108600;1.4102522227736378E7;;false;false;
34;1608299402959;1608299404470;TCP;download;1048576;0.0;0.100199;0.10019899904727936;58818;4696094.816056712;0;false;false;
34;1608299402959;1608299404470;TCP;download;1048576;0.100199;0.200158;0.09995900094509125;55024;4403725.485829966;;false;false;
34;1608299402959;1608299404470;TCP;download;1048576;0.200158;0.300178;0.10001999884843826;50680;4053589.328813821;;false;false;
34;1608299402959;1608299404470;TCP;download;1048576;0.300178;0.400295;0.10011699795722961;79640;6363754.537188383;;false;false;
34;1608299402959;1608299404470;TCP;download;1048576;0.400295;0.500417;0.10012199729681015;76744;6132039.078085394;;false;false;
34;1608299402959;1608299404470;TCP;download;1048576;0.500417;0.600171;0.0997539982199669;107152;8593299.670152154;;false;false;
34;1608299402959;1608299404470;TCP;download;1048576;0.600171;0.700155;0.09998399764299393;83984;6719795.325638086;;false;false;
34;1608299402959;1608299404470;TCP;download;1048576;0.700155;0.800288;0.1001330018043518;133216;1.0643124452438848E7;;false;false;
34;1608299402959;1608299404470;TCP;download;1048576;0.800288;0.90012;0.0998319983482361;123080;9862969.952433066;;false;false;
34;1608299402959;1608299404470;TCP;download;1048576;0.90012;1.000125;0.10000500082969666;130320;1.0425078659570493E7;;false;false;
34;1608299402959;1608299404470;TCP;download;1048576;1.000125;1.093598;0.09347300231456757;151490;1.2965454944107695E7;;false;false;
35;1608299416057;1608299418375;UDP;download;7340032;0.0;0.100028;0.10002800077199936;1655064;1.3236805592246117E8;0;false;false;
35;1608299416057;1608299418375;UDP;download;7340032;0.100028;0.20013;0.100101999938488;1510264;1.2069800810597566E8;1043;false;false;
35;1608299416057;1608299418375;UDP;download;7340032;0.20013;0.300022;0.0998919978737831;1594248;1.2767773466814716E8;1101;false;false;
35;1608299416057;1608299418375;UDP;download;7340032;0.300022;0.400166;0.10014399886131287;1644928;1.3140501826998326E8;1136;false;false;
35;1608299416057;1608299418375;UDP;download;7340032;0.400166;0.459178;0.059011999517679214;936856;1.2700549144678012E8;647;false;false;
36;1608299429224;1608299433355;UDP;download;524288;0.0;0.06303;0.06302999705076218;525624;6.67141392472769E7;0;false;false;
37;1608299443409;1608299445120;TCP;download;1048576;0.0;0.100385;0.10038500279188156;60266;4802789.127769901;0;false;false;
37;1608299443409;1608299445120;TCP;download;1048576;0.100385;0.200193;0.0998080000281334;55024;4410387.94361094;;false;false;
37;1608299443409;1608299445120;TCP;download;1048576;0.200193;0.300154;0.09996099770069122;57920;4635407.915669452;;false;false;
37;1608299443409;1608299445120;TCP;download;1048576;0.300154;0.400457;0.10030300170183182;70952;5659013.09401824;;false;false;
37;1608299443409;1608299445120;TCP;download;1048576;0.400457;0.500154;0.09969700127840042;92672;7436291.869298387;;false;false;
37;1608299443409;1608299445120;TCP;download;1048576;0.500154;0.600166;0.10001199692487717;99912;7992001.20561918;;false;false;
37;1608299443409;1608299445120;TCP;download;1048576;0.600166;0.700188;0.10002200305461884;88328;7064685.55337904;;false;false;
37;1608299443409;1608299445120;TCP;download;1048576;0.700188;0.800099;0.09991099685430527;36200;2898579.827226705;;false;false;
37;1608299443409;1608299445120;TCP;download;1048576;0.800099;0.900119;0.10001999884843826;128872;1.0307698578983717E7;;false;false;
37;1608299443409;1608299445120;TCP;download;1048576;0.900119;1.000732;0.10061299800872803;156384;1.2434496782328973E7;;false;false;
37;1608299443409;1608299445120;TCP;download;1048576;1.000732;1.10015;0.0994179993867874;179552;1.444824889718007E7;;false;false;
37;1608299443409;1608299445120;TCP;download;1048576;1.10015;1.113155;0.013004999607801437;25862;1.5908958572815893E7;;false;false;
38;1608299456516;1608299459537;TCP;download;6291456;0.0;0.100153;0.10015299916267395;60816;4857847.53394908;0;false;false;
38;1608299456516;1608299459537;TCP;download;6291456;0.100153;0.200265;0.10011199861764908;55024;4396995.425904893;;false;false;
38;1608299456516;1608299459537;TCP;download;6291456;0.200265;0.300112;0.0998469963669777;72400;5800875.55033912;;false;false;
38;1608299456516;1608299459537;TCP;download;6291456;0.300112;0.400377;0.10026499629020691;79640;6354361.178610334;;false;false;
38;1608299456516;1608299459537;TCP;download;6291456;0.400377;0.500157;0.09978000074625015;98464;7894487.814278786;;false;false;
38;1608299456516;1608299459537;TCP;download;6291456;0.500157;0.600566;0.10040900111198425;94120;7498929.295793292;;false;false;
38;1608299456516;1608299459537;TCP;download;6291456;0.600566;0.700185;0.09961900115013123;110048;8837510.814560505;;false;false;
38;1608299456516;1608299459537;TCP;download;6291456;0.700185;0.800171;0.0999860018491745;118736;9500209.85370406;;false;false;
38;1608299456516;1608299459537;TCP;download;6291456;0.800171;0.90015;0.0999789983034134;137560;1.1007111680198025E7;;false;false;
38;1608299456516;1608299459537;TCP;download;6291456;0.90015;1.000449;0.10029900074005127;17376;1385936.04098083;;false;false;
38;1608299456516;1608299459537;TCP;download;6291456;1.000449;1.100173;0.09972400218248367;66608;5343387.633249206;;false;false;
38;1608299456516;1608299459537;TCP;download;6291456;1.100173;1.200255;0.10008200258016586;68056;5440019.044022387;;false;false;
38;1608299456516;1608299459537;TCP;download;6291456;1.200255;1.300215;0.09995999932289124;173760;1.3906362639216887E7;;false;false;
38;1608299456516;1608299459537;TCP;download;6291456;1.300215;1.400129;0.09991399943828583;209960;1.681125777611868E7;;false;false;
38;1608299456516;1608299459537;TCP;download;6291456;1.400129;1.500198;0.10006900131702423;195480;1.5627616738630846E7;;false;false;
38;1608299456516;1608299459537;TCP;download;6291456;1.500198;1.600203;0.10000500082969666;266432;2.131349414845523E7;;false;false;
38;1608299456516;1608299459537;TCP;download;6291456;1.600203;1.700183;0.09997999668121338;269328;2.1550550825381875E7;;false;false;
38;1608299456516;1608299459537;TCP;download;6291456;1.700183;1.800311;0.10012800246477127;340280;2.7187599202908143E7;;false;false;
38;1608299456516;1608299459537;TCP;download;6291456;1.800311;1.900293;0.09998200088739395;376480;3.0123822020646743E7;;false;false;
38;1608299456516;1608299459537;TCP;download;6291456;1.900293;2.0005;0.10020700097084045;392408;3.132779116813908E7;;false;false;
38;1608299456516;1608299459537;TCP;download;6291456;2.0005;2.100151;0.099651001393795;482184;3.8709816720820166E7;;false;false;
38;1608299456516;1608299459537;TCP;download;6291456;2.100151;2.200141;0.09999000281095505;495216;3.962124101036576E7;;false;false;
38;1608299456516;1608299459537;TCP;download;6291456;2.200141;2.300368;0.1002269983291626;545896;4.357277053890683E7;;false;false;
38;1608299456516;1608299459537;TCP;download;6291456;2.300368;2.400148;0.09978000074625015;682008;5.468093765478394E7;;false;false;
38;1608299456516;1608299459537;TCP;download;6291456;2.400148;2.500125;0.0999770015478134;676216;5.410972439909422E7;;false;false;
38;1608299456516;1608299459537;TCP;download;6291456;2.500125;2.532071;0.03194599971175194;220096;5.5117010451617464E7;;false;false;
39;1608299469630;1608299471044;TCP;upload;5242880;0.0;0.100743;0.10074300318956375;786420;6.244959749871483E7;0;false;true;
39;1608299469630;1608299471044;TCP;upload;5242880;0.100743;0.200347;0.0996040031313896;262140;2.1054575459518906E7;0;false;true;
39;1608299469630;1608299471044;TCP;upload;5242880;0.200347;0.300214;0.09986700117588043;262140;2.0999128594105516E7;0;false;true;
39;1608299469630;1608299471044;TCP;upload;5242880;0.300214;0.409732;0.10951799899339676;1048560;7.65945331096286E7;0;false;true;
39;1608299469630;1608299471044;TCP;upload;5242880;0.409732;0.500525;0.09079299867153168;524280;4.6195632497763425E7;0;false;true;
39;1608299469630;1608299471044;TCP;upload;5242880;0.500525;0.600333;0.0998080000281334;524280;4.202308431005278E7;0;false;true;
39;1608299469630;1608299471044;TCP;upload;5242880;0.600333;0.700233;0.0998999997973442;786420;6.297657670433001E7;0;false;true;
39;1608299469630;1608299471044;TCP;upload;5242880;0.700233;0.800373;0.10013999789953232;524280;4.188376361069994E7;0;false;true;
39;1608299469630;1608299471044;TCP;upload;5242880;0.800373;0.894548;0.09417500346899033;786420;6.6804988247986645E7;0;false;true;
40;1608299482751;1608299483862;UDP;upload;5242880;0.0;0.100622;0.10062199831008911;2273360;1.80744571817716E8;1570;false;true;
40;1608299482751;1608299483862;UDP;upload;5242880;0.100622;0.200082;0.09945999830961227;644360;5.1828675725020684E7;445;false;true;
40;1608299482751;1608299483862;UDP;upload;5242880;0.200082;0.300312;0.10023000091314316;705176;5.628462484888835E7;487;false;true;
40;1608299482751;1608299483862;UDP;upload;5242880;0.300312;0.400155;0.09984300285577774;910792;7.297793327114813E7;629;false;true;
40;1608299482751;1608299483862;UDP;upload;5242880;0.400155;0.479301;0.07914599776268005;709520;7.17175872495791E7;490;false;true;
41;1608299495849;1608299498374;TCP;upload;8388608;0.0;0.101106;0.10110600292682648;838860;6.637469394232576E7;0;false;true;
41;1608299495849;1608299498374;TCP;upload;8388608;0.101106;0.200508;0.0994020029902458;0;0.0;0;false;true;
41;1608299495849;1608299498374;TCP;upload;8388608;0.200508;0.300191;0.0996830016374588;386148;3.099007803993684E7;0;false;true;
41;1608299495849;1608299498374;TCP;upload;8388608;0.300191;0.400221;0.10002999752759933;419430;3.3544337528092E7;0;false;true;
41;1608299495849;1608299498374;TCP;upload;8388608;0.400221;0.500267;0.10004600137472153;838860;6.707794322398204E7;0;false;true;
41;1608299495849;1608299498374;TCP;upload;8388608;0.500267;0.600547;0.10028000175952911;419430;3.3460709424859468E7;0;false;true;
41;1608299495849;1608299498374;TCP;upload;8388608;0.600547;0.700441;0.0998940020799637;419430;3.35900047063288E7;0;false;true;
41;1608299495849;1608299498374;TCP;upload;8388608;0.700441;0.800199;0.09975799918174744;419430;3.3635798908584565E7;0;false;true;
41;1608299495849;1608299498374;TCP;upload;8388608;0.800199;0.900504;0.1003049984574318;419430;3.3452370785130985E7;0;false;true;
41;1608299495849;1608299498374;TCP;upload;8388608;0.900504;1.006188;0.10568399727344513;838860;6.3499490681038246E7;0;false;true;
41;1608299495849;1608299498374;TCP;upload;8388608;1.006188;1.104582;0.0983939990401268;419430;3.410207972776462E7;0;false;true;
41;1608299495849;1608299498374;TCP;upload;8388608;1.104582;1.20049;0.0959080010652542;419430;3.49860278885076E7;0;false;true;
41;1608299495849;1608299498374;TCP;upload;8388608;1.20049;1.300171;0.09968099743127823;419430;3.366178194909514E7;0;false;true;
41;1608299495849;1608299498374;TCP;upload;8388608;1.300171;1.400235;0.1000640019774437;419430;3.3532938256420918E7;0;false;true;
41;1608299495849;1608299498374;TCP;upload;8388608;1.400235;1.500223;0.09998799860477448;419430;3.355842747951329E7;0;false;true;
41;1608299495849;1608299498374;TCP;upload;8388608;1.500223;1.600264;0.100041002035141;419430;3.3540647651863266E7;0;false;true;
41;1608299495849;1608299498374;TCP;upload;8388608;1.600264;1.700229;0.09996499866247177;419430;3.356614860096705E7;0;false;true;
41;1608299495849;1608299498374;TCP;upload;8388608;1.700229;1.816001;0.11577200144529343;838860;5.796634692517725E7;1;false;true;
42;1608299508962;1608299512194;TCP;download;6291456;0.0;0.100164;0.1001640036702156;50680;4047761.522541457;0;false;false;
42;1608299508962;1608299512194;TCP;download;6291456;0.100164;0.200165;0.10000099986791611;59368;4749392.51234806;;false;false;
42;1608299508962;1608299512194;TCP;download;6291456;0.200165;0.300162;0.09999699890613556;47784;3822834.7268584357;;false;false;
42;1608299508962;1608299512194;TCP;download;6291456;0.300162;0.400167;0.10000500082969666;76744;6139212.988413734;;false;false;
42;1608299508962;1608299512194;TCP;download;6291456;0.400167;0.500118;0.09995099902153015;91224;7301497.805367584;;false;false;
42;1608299508962;1608299512194;TCP;download;6291456;0.500118;0.60033;0.100212000310421;85432;6820101.363937426;;false;false;
42;1608299508962;1608299512194;TCP;download;6291456;0.60033;0.700113;0.0997830033302307;107152;8590801.753712036;;false;false;
42;1608299508962;1608299512194;TCP;download;6291456;0.700113;0.800105;0.09999199956655502;114392;9152092.20704585;;false;false;
42;1608299508962;1608299512194;TCP;download;6291456;0.800105;0.900139;0.10003399848937988;136112;1.0885259176314969E7;;false;false;
42;1608299508962;1608299512194;TCP;download;6291456;0.900139;1.000024;0.0998850017786026;147696;1.1829283465589484E7;;false;false;
42;1608299508962;1608299512194;TCP;download;6291456;1.000024;1.10014;0.10011599957942963;150592;1.2033401305095011E7;;false;false;
42;1608299508962;1608299512194;TCP;download;6291456;1.10014;1.200169;0.10002899914979935;24616;1968709.0911015582;;false;false;
42;1608299508962;1608299512194;TCP;download;6291456;1.200169;1.300054;0.0998850017786026;101360;8118135.711679058;;false;false;
42;1608299508962;1608299512194;TCP;download;6291456;1.300054;1.400168;0.10011400282382965;169416;1.3537846472735358E7;;false;false;
42;1608299508962;1608299512194;TCP;download;6291456;1.400168;1.500598;0.10042999684810638;154936;1.2341810603406094E7;;false;false;
42;1608299508962;1608299512194;TCP;download;6291456;1.500598;1.600404;0.0998060032725334;172312;1.3811754351447532E7;;false;false;
42;1608299508962;1608299512194;TCP;download;6291456;1.600404;1.700487;0.10008300095796585;98464;7870587.337112658;;false;false;
42;1608299508962;1608299512194;TCP;download;6291456;1.700487;1.800108;0.0996209979057312;291048;2.3372421968742877E7;;false;false;
42;1608299508962;1608299512194;TCP;download;6291456;1.800108;1.900217;0.10010900348424911;273672;2.1869921024081223E7;;false;false;
42;1608299508962;1608299512194;TCP;download;6291456;1.900217;2.00026;0.10004299879074097;348968;2.790544099782E7;;false;false;
42;1608299508962;1608299512194;TCP;download;6291456;2.00026;2.100161;0.0999009981751442;363448;2.91046541387153E7;;false;false;
42;1608299508962;1608299512194;TCP;download;6291456;2.100161;2.200126;0.09996499866247177;386616;3.0940109452140946E7;;false;false;
42;1608299508962;1608299512194;TCP;download;6291456;2.200126;2.300497;0.10037100315093994;428608;3.416189828095675E7;;false;false;
42;1608299508962;1608299512194;TCP;download;6291456;2.300497;2.400569;0.1000719964504242;504953;4.036717706537648E7;;false;false;
42;1608299508962;1608299512194;TCP;download;6291456;2.400569;2.500526;0.09995699673891068;544847;4.36065122223029E7;;false;false;
42;1608299508962;1608299512194;TCP;download;6291456;2.500526;2.600132;0.0996059998869896;548792;4.407702352249023E7;;false;false;
42;1608299508962;1608299512194;TCP;download;6291456;2.600132;2.700078;0.0999459996819496;642912;5.14607489681139E7;;false;false;
42;1608299508962;1608299512194;TCP;download;6291456;2.700078;2.750146;0.050067998468875885;191136;3.054022622754807E7;;false;false;
43;1608299522257;1608299523164;UDP;upload;4194304;0.0;0.100102;0.100101999938488;2247296;1.7960048761311045E8;1552;false;true;
43;1608299522257;1608299523164;UDP;upload;4194304;0.100102;0.200143;0.100041002035141;556032;4.44643287203129E7;384;false;true;
43;1608299522257;1608299523164;UDP;upload;4194304;0.200143;0.300124;0.09998100250959396;1025184;8.20303036990753E7;708;false;true;
43;1608299522257;1608299523164;UDP;upload;4194304;0.300124;0.356479;0.05635499954223633;366344;5.20051818615222E7;253;false;true;
44;1608299535402;1608299539023;TCP;download;10485760;0.0;0.100411;0.10041099786758423;50680;4037804.708749823;0;false;false;
44;1608299535402;1608299539023;TCP;download;10485760;0.100411;0.200166;0.09975499659776688;52128;4180482.3239233666;;false;false;
44;1608299535402;1608299539023;TCP;download;10485760;0.200166;0.300127;0.09996099770069122;63712;5098948.707236397;;false;false;
44;1608299535402;1608299539023;TCP;download;10485760;0.300127;0.400133;0.10000599920749664;69504;5559986.444876387;;false;false;
44;1608299535402;1608299539023;TCP;download;10485760;0.400133;0.500135;0.1000019982457161;83984;6718585.746148146;;false;false;
44;1608299535402;1608299539023;TCP;download;10485760;0.500135;0.600684;0.10054899752140045;79640;6336413.2483210275;;false;false;
44;1608299535402;1608299539023;TCP;download;10485760;0.600684;0.700316;0.09963200241327286;102808;8255018.268010162;;false;false;
44;1608299535402;1608299539023;TCP;download;10485760;0.700316;0.80021;0.0998940020799637;124528;9972810.972199686;;false;false;
44;1608299535402;1608299539023;TCP;download;10485760;0.80021;0.900194;0.09998399764299393;111496;8921107.587485045;;false;false;
44;1608299535402;1608299539023;TCP;download;10485760;0.900194;1.000341;0.10014700144529343;121632;9716276.93248054;;false;false;
44;1608299535402;1608299539023;TCP;download;10485760;1.000341;1.100171;0.0998300015926361;139008;1.11395771036633E7;;false;false;
44;1608299535402;1608299539023;TCP;download;10485760;1.100171;1.200145;0.09997399896383286;157832;1.2629843890277766E7;;false;false;
44;1608299535402;1608299539023;TCP;download;10485760;1.200145;1.300205;0.10006000101566315;227336;1.8175974230854817E7;;false;false;
44;1608299535402;1608299539023;TCP;download;10485760;1.300205;1.400109;0.09990400075912476;204168;1.6349135045533381E7;;false;false;
44;1608299535402;1608299539023;TCP;download;10485760;1.400109;1.500125;0.10001599788665771;283808;2.270100831841906E7;;false;false;
44;1608299535402;1608299539023;TCP;download;10485760;1.500125;1.600195;0.10006999969482422;269328;2.1531168247934356E7;;false;false;
44;1608299535402;1608299539023;TCP;download;10485760;1.600195;1.700343;0.10014799982309341;5792;462675.2414611405;;false;false;
44;1608299535402;1608299539023;TCP;download;10485760;1.700343;1.800188;0.0998449996113777;270776;2.1695708432384554E7;;false;false;
44;1608299535402;1608299539023;TCP;download;10485760;1.800188;1.900123;0.09993500262498856;366344;2.93265815081609E7;;false;false;
44;1608299535402;1608299539023;TCP;download;10485760;1.900123;2.000284;0.10016100108623505;386616;3.0879563567232113E7;;false;false;
44;1608299535402;1608299539023;TCP;download;10485760;2.000284;2.100151;0.09986700117588043;372136;2.9810527651239987E7;;false;false;
44;1608299535402;1608299539023;TCP;download;10485760;2.100151;2.200148;0.09999699890613556;450328;3.602732121372647E7;;false;false;
44;1608299535402;1608299539023;TCP;download;10485760;2.200148;2.300431;0.10028299689292908;544448;4.343292616843515E7;;false;false;
44;1608299535402;1608299539023;TCP;download;10485760;2.300431;2.40012;0.09968899935483932;584992;4.6945360373635E7;;false;false;
44;1608299535402;1608299539023;TCP;download;10485760;2.40012;2.500138;0.10001800209283829;615400;4.922313880485443E7;;false;false;
44;1608299535402;1608299539023;TCP;download;10485760;2.500138;2.600144;0.10000599920749664;776128;6.208651530111965E7;;false;false;
44;1608299535402;1608299539023;TCP;download;10485760;2.600144;2.700155;0.10001099854707718;739928;5.918773020962898E7;;false;false;
44;1608299535402;1608299539023;TCP;download;10485760;2.700155;2.800127;0.0999720022082329;973056;7.786628083916615E7;;false;false;
44;1608299535402;1608299539023;TCP;download;10485760;2.800127;2.90015;0.10002300143241882;792056;6.334990861358286E7;;false;false;
44;1608299535402;1608299539023;TCP;download;10485760;2.90015;3.000457;0.10030700266361237;1123948;8.96406408449269E7;;false;false;
44;1608299535402;1608299539023;TCP;download;10485760;3.000457;3.035638;0.03518100082874298;344324;7.82977156735544E7;;false;false;
45;1608299549082;1608299549595;TCP;upload;104858;0.0;0.001857;0.0018570000538602471;110040;4.740549135526576E8;0;false;true;
46;1608299562201;1608299569347;TCP;download;8388608;0.0;0.100178;0.10017800331115723;49232;3931561.69001159;12;false;false;
46;1608299562201;1608299569347;TCP;download;8388608;0.100178;0.200414;0.10023599863052368;36200;2889181.5710589583;;false;false;
46;1608299562201;1608299569347;TCP;download;8388608;0.200414;0.300473;0.10005900263786316;36200;2894292.2912007216;;false;false;
46;1608299562201;1608299569347;TCP;download;8388608;0.300473;0.400141;0.0996680036187172;49232;3951679.432716516;;false;false;
46;1608299562201;1608299569347;TCP;download;8388608;0.400141;0.500332;0.10019099712371826;14480;1156191.70709478;;false;false;
46;1608299562201;1608299569347;TCP;download;8388608;0.500332;0.60014;0.0998080000281334;36200;2901571.015533514;;false;false;
46;1608299562201;1608299569347;TCP;download;8388608;0.60014;0.700054;0.09991399943828583;57920;4637588.35203274;;false;false;
46;1608299562201;1608299569347;TCP;download;8388608;0.700054;0.800164;0.1001100018620491;79640;6364199.262306947;;false;false;
46;1608299562201;1608299569347;TCP;download;8388608;0.800164;0.90028;0.10011599957942963;39096;3124056.1080535124;;false;false;
46;1608299562201;1608299569347;TCP;download;8388608;0.90028;1.000659;0.10037899762392044;2896;230805.2535730745;;false;false;
46;1608299562201;1608299569347;TCP;download;8388608;1.000659;1.100142;0.09948299825191498;39096;3143934.194745477;;false;false;
46;1608299562201;1608299569347;TCP;download;8388608;1.100142;1.200147;0.10000500082969666;52128;4170031.463828197;;false;false;
46;1608299562201;1608299569347;TCP;download;8388608;1.200147;1.300312;0.1001650020480156;75296;6013757.17749445;;false;false;
46;1608299562201;1608299569347;TCP;download;8388608;1.300312;1.400208;0.09989599883556366;11584;927684.8029974162;;false;false;
46;1608299562201;1608299569347;TCP;download;8388608;1.400208;1.500177;0.0999689996242523;81088;6489051.63038788;;false;false;
46;1608299562201;1608299569347;TCP;download;8388608;1.500177;1.60015;0.09997300058603287;63712;5098336.520982738;;false;false;
46;1608299562201;1608299569347;TCP;download;8388608;1.60015;1.700118;0.09996800124645233;37648;3012804.0597459525;;false;false;
46;1608299562201;1608299569347;TCP;download;8388608;1.700118;1.800118;0.10000000149011612;97016;7761279.8843479175;;false;false;
46;1608299562201;1608299569347;TCP;download;8388608;1.800118;1.900175;0.10005699843168259;98464;7872632.722815865;;false;false;
46;1608299562201;1608299569347;TCP;download;8388608;1.900175;2.000131;0.0999559983611107;112944;9039497.527059264;;false;false;
46;1608299562201;1608299569347;TCP;download;8388608;2.000131;2.100157;0.10002599656581879;49232;3937536.3757644356;;false;false;
46;1608299562201;1608299569347;TCP;download;8388608;2.100157;2.200273;0.10011599957942963;83984;6710935.343226064;;false;false;
46;1608299562201;1608299569347;TCP;download;8388608;2.200273;2.300176;0.09990300238132477;92672;7420958.1526909955;;false;false;
46;1608299562201;1608299569347;TCP;download;8388608;2.300176;2.40015;0.09997399896383286;20272;1622181.7840723735;;false;false;
46;1608299562201;1608299569347;TCP;download;8388608;2.40015;2.500153;0.10000299662351608;70952;5675989.911951528;;false;false;
46;1608299562201;1608299569347;TCP;download;8388608;2.500153;2.600136;0.09998299926519394;56472;4518528.1829935275;;false;false;
46;1608299562201;1608299569347;TCP;download;8388608;2.600136;2.700533;0.10039699822664261;0;0.0;;false;false;
46;1608299562201;1608299569347;TCP;download;8388608;2.700533;2.804959;0.10442599654197693;86880;6655813.9066512;;false;false;
46;1608299562201;1608299569347;TCP;download;8388608;2.804959;2.90016;0.0952010005712509;79640;6692366.636663265;;false;false;
46;1608299562201;1608299569347;TCP;download;8388608;2.90016;3.00036;0.10019999742507935;68056;5433612.914083055;;false;false;
46;1608299562201;1608299569347;TCP;download;8388608;3.00036;3.100146;0.09978599846363068;94120;7545748.016686266;;false;false;
46;1608299562201;1608299569347;TCP;download;8388608;3.100146;3.200688;0.10054200142621994;8688;691293.1810990818;;false;false;
46;1608299562201;1608299569347;TCP;download;8388608;3.200688;3.300622;0.09993399679660797;0;0.0;;false;false;
46;1608299562201;1608299569347;TCP;download;8388608;3.300622;3.400163;0.09954100102186203;28960;2327483.1237543663;;false;false;
46;1608299562201;1608299569347;TCP;download;8388608;3.400163;3.500206;0.10004299879074097;0;0.0;;false;false;
46;1608299562201;1608299569347;TCP;download;8388608;3.500206;3.600184;0.0999779999256134;0;0.0;;false;false;
46;1608299562201;1608299569347;TCP;download;8388608;3.600184;3.700462;0.10027799755334854;0;0.0;;false;false;
46;1608299562201;1608299569347;TCP;download;8388608;3.700462;3.800153;0.0996910035610199;36200;2904976.273237521;;false;false;
46;1608299562201;1608299569347;TCP;download;8388608;3.800153;3.900126;0.09997300058603287;108600;8690346.34258421;;false;false;
46;1608299562201;1608299569347;TCP;download;8388608;3.900126;4.000369;0.10024300217628479;120184;9591412.65850338;;false;false;
46;1608299562201;1608299569347;TCP;download;8388608;4.000369;4.100108;0.0997390002012253;146248;1.1730456467776252E7;;false;false;
46;1608299562201;1608299569347;TCP;download;8388608;4.100108;4.200125;0.1000170037150383;141904;1.135039001202662E7;;false;false;
46;1608299562201;1608299569347;TCP;download;8388608;4.200125;4.300163;0.10003799945116043;167968;1.3432335786123248E7;;false;false;
46;1608299562201;1608299569347;TCP;download;8388608;4.300163;4.400787;0.10062400251626968;156384;1.2433136912812794E7;;false;false;
46;1608299562201;1608299569347;TCP;download;8388608;4.400787;4.500265;0.09947799891233444;202720;1.6302700272742571E7;;false;false;
46;1608299562201;1608299569347;TCP;download;8388608;4.500265;4.600232;0.09996700286865234;159280;1.2746606014328916E7;;false;false;
46;1608299562201;1608299569347;TCP;download;8388608;4.600232;4.70016;0.09992799907922745;166520;1.3331198585731745E7;;false;false;
46;1608299562201;1608299569347;TCP;download;8388608;4.70016;4.800142;0.09998200088739395;191136;1.52936327181745E7;;false;false;
46;1608299562201;1608299569347;TCP;download;8388608;4.800142;4.900191;0.10004899650812149;208512;1.6672790914645426E7;;false;false;
46;1608299562201;1608299569347;TCP;download;8388608;4.900191;5.000183;0.09999199956655502;204168;1.6334746850550184E7;;false;false;
46;1608299562201;1608299569347;TCP;download;8388608;5.000183;5.100133;0.09995000064373016;209960;1.6805202493066374E7;;false;false;
46;1608299562201;1608299569347;TCP;download;8388608;5.100133;5.200307;0.10017400234937668;218648;1.746145665518459E7;;false;false;
46;1608299562201;1608299569347;TCP;download;8388608;5.200307;5.301461;0.10115399956703186;254848;2.0155248519352477E7;;false;false;
46;1608299562201;1608299569347;TCP;download;8388608;5.301461;5.401349;0.09988799691200256;241816;1.9366971606250588E7;;false;false;
46;1608299562201;1608299569347;TCP;download;8388608;5.401349;5.500132;0.0987830013036728;222992;1.805913949218784E7;;false;false;
46;1608299562201;1608299569347;TCP;download;8388608;5.500132;5.600129;0.09999699890613556;251952;2.0156764923435386E7;;false;false;
46;1608299562201;1608299569347;TCP;download;8388608;5.600129;5.700161;0.10003200173377991;305528;2.4434420561781157E7;;false;false;
46;1608299562201;1608299569347;TCP;download;8388608;5.700161;5.800295;0.1001340001821518;260640;2.0823296744432453E7;;false;false;
46;1608299562201;1608299569347;TCP;download;8388608;5.800295;5.900183;0.09988799691200256;269328;2.1570399513548557E7;;false;false;
46;1608299562201;1608299569347;TCP;download;8388608;5.900183;6.000493;0.10030999779701233;275120;2.194158158047088E7;;false;false;
46;1608299562201;1608299569347;TCP;download;8388608;6.000493;6.100188;0.09969499707221985;353312;2.8351432699802015E7;;false;false;
46;1608299562201;1608299569347;TCP;download;8388608;6.100188;6.200145;0.09995699673891068;304080;2.4336865645874653E7;;false;false;
46;1608299562201;1608299569347;TCP;download;8388608;6.200145;6.300276;0.10013099759817123;291048;2.3253378632497765E7;;false;false;
46;1608299562201;1608299569347;TCP;download;8388608;6.300276;6.400616;0.10034000128507614;295392;2.355128532723545E7;;false;false;
46;1608299562201;1608299569347;TCP;download;8388608;6.400616;6.500291;0.0996749997138977;302632;2.428950094757243E7;;false;false;
46;1608299562201;1608299569347;TCP;download;8388608;6.500291;6.600141;0.09984999895095825;314216;2.517504282833922E7;;false;false;
46;1608299562201;1608299569347;TCP;download;8388608;6.600141;6.663427;0.0632859990000725;209911;2.6534905453543946E7;;false;false;
47;1608299579435;1608299581245;UDP;download;8388608;0.0;0.100025;0.1000249981880188;2115528;1.6919994308010113E8;0;false;false;
47;1608299579435;1608299581245;UDP;download;8388608;0.100025;0.200082;0.10005699843168259;3769144;3.013597496689661E8;2603;false;false;
47;1608299579435;1608299581245;UDP;download;8388608;0.200082;0.29008;0.0899979993700981;2505040;2.2267517211786386E8;1901;false;false;
48;1608299592523;1608299596550;TCP;download;7340032;0.0;0.100282;0.10028199851512909;44888;3580941.797303966;0;false;false;
48;1608299592523;1608299596550;TCP;download;7340032;0.100282;0.200344;0.10006199777126312;44888;3588815.0146761443;;false;false;
48;1608299592523;1608299596550;TCP;download;7340032;0.200344;0.300155;0.09981100261211395;47784;3829958.521562873;;false;false;
48;1608299592523;1608299596550;TCP;download;7340032;0.300155;0.400418;0.10026299953460693;24616;1964114.3882996242;;false;false;
48;1608299592523;1608299596550;TCP;download;7340032;0.400418;0.500344;0.09992600232362747;50680;4057402.3834848623;;false;false;
48;1608299592523;1608299596550;TCP;download;7340032;0.500344;0.600321;0.0999770015478134;65160;5213999.139099015;;false;false;
48;1608299592523;1608299596550;TCP;download;7340032;0.600321;0.700322;0.10000099986791611;95568;7645363.55646273;;false;false;
48;1608299592523;1608299596550;TCP;download;7340032;0.700322;0.800147;0.09982500225305557;89776;7194670.51129484;;false;false;
48;1608299592523;1608299596550;TCP;download;7340032;0.800147;0.900128;0.09998100250959396;115840;9268960.86995201;;false;false;
48;1608299592523;1608299596550;TCP;download;7340032;0.900128;1.000121;0.099992997944355;147696;1.1816507398423333E7;;false;false;
48;1608299592523;1608299596550;TCP;download;7340032;1.000121;1.10012;0.09999900311231613;172312;1.3785097421938408E7;;false;false;
48;1608299592523;1608299596550;TCP;download;7340032;1.10012;1.20037;0.1002499982714653;185344;1.4790543895919884E7;;false;false;
48;1608299592523;1608299596550;TCP;download;7340032;1.20037;1.300134;0.09976399689912796;220096;1.7649332973099746E7;;false;false;
48;1608299592523;1608299596550;TCP;download;7340032;1.300134;1.400149;0.10001499950885773;236024;1.887908822948876E7;;false;false;
48;1608299592523;1608299596550;TCP;download;7340032;1.400149;1.500224;0.10007499903440475;291048;2.3266390431835283E7;;false;false;
48;1608299592523;1608299596550;TCP;download;7340032;1.500224;1.600158;0.09993399679660797;338832;2.7124463014492452E7;;false;false;
48;1608299592523;1608299596550;TCP;download;7340032;1.600158;1.700163;0.10000500082969666;344624;2.7568541344197523E7;;false;false;
48;1608299592523;1608299596550;TCP;download;7340032;1.700163;1.800566;0.10040300339460373;388064;3.09205092979007E7;;false;false;
48;1608299592523;1608299596550;TCP;download;7340032;1.800566;1.900416;0.09984999895095825;445984;3.573231885312663E7;;false;false;
48;1608299592523;1608299596550;TCP;download;7340032;1.900416;2.000172;0.09975600242614746;511144;4.0991538359081E7;;false;false;
48;1608299592523;1608299596550;TCP;download;7340032;2.000172;2.100122;0.09995000064373016;553136;4.42730162231128E7;;false;false;
48;1608299592523;1608299596550;TCP;download;7340032;2.100122;2.200337;0.10021500289440155;726896;5.802692044151865E7;;false;false;
48;1608299592523;1608299596550;TCP;download;7340032;2.200337;2.300351;0.10001400113105774;615400;4.922510792812567E7;;false;false;
48;1608299592523;1608299596550;TCP;download;7340032;2.300351;2.400174;0.099822998046875;584992;4.6882342662182815E7;;false;false;
48;1608299592523;1608299596550;TCP;download;7340032;2.400174;2.500151;0.0999770015478134;786264;6.291558961179478E7;;false;false;
48;1608299592523;1608299596550;TCP;download;7340032;2.500151;2.523451;0.02329999953508377;222992;7.656377835174863E7;;false;false;
49;1608299606689;1608299610316;UDP;download;524288;0.0;0.047933;0.047933001071214676;525624;8.772644954470073E7;0;false;false;
50;1608299621071;1608299622785;TCP;upload;6291456;0.0;0.101113;0.101112999022007;629140;4.977718046820621E7;0;false;true;
50;1608299621071;1608299622785;TCP;upload;6291456;0.101113;0.200203;0.09909000247716904;281652;2.2739085111226585E7;0;false;true;
50;1608299621071;1608299622785;TCP;upload;6291456;0.200203;0.300956;0.10075300186872482;629140;4.995503763310056E7;0;false;true;
50;1608299621071;1608299622785;TCP;upload;6291456;0.300956;0.413281;0.11232499778270721;943710;6.721282126891167E7;0;false;true;
50;1608299621071;1608299622785;TCP;upload;6291456;0.413281;0.500764;0.0874829962849617;1258280;1.150651032483027E8;0;false;true;
50;1608299621071;1608299622785;TCP;upload;6291456;0.500764;0.60031;0.09954600036144257;629140;5.0560745602286324E7;0;false;true;
50;1608299621071;1608299622785;TCP;upload;6291456;0.60031;0.714369;0.11405900120735168;629140;4.4127337138873614E7;0;false;true;
50;1608299621071;1608299622785;TCP;upload;6291456;0.714369;0.800176;0.08580700308084488;314570;2.9328142338556793E7;0;false;true;
50;1608299621071;1608299622785;TCP;upload;6291456;0.800176;0.900507;0.10033100098371506;629140;5.016515285058241E7;0;false;true;
50;1608299621071;1608299622785;TCP;upload;6291456;0.900507;0.964275;0.06376799941062927;629140;7.892861696333924E7;0;false;true;
51;1608299634194;1608299635403;UDP;upload;4194304;0.0;0.100106;0.10010600090026855;3269584;2.6128975051214767E8;2258;false;true;
51;1608299634194;1608299635403;UDP;upload;4194304;0.100106;0.200087;0.09998100250959396;20272;1622068.1522416014;14;false;true;
51;1608299634194;1608299635403;UDP;upload;4194304;0.200087;0.246665;0.046578001230955124;905000;1.554381855954006E8;625;false;true;
52;1608299647324;1608299648033;TCP;upload;524288;0.0;0.100131;0.10013099759817123;497990;3.978707988097345E7;0;false;true;
52;1608299647324;1608299648033;TCP;upload;524288;0.100131;0.150143;0.0500119999051094;52420;8385187.570896493;0;false;true;
53;1608299660431;1608299661045;TCP;upload;524288;0.0;0.100134;0.1001340001821518;497990;3.9785886839164816E7;0;false;true;
53;1608299660431;1608299661045;TCP;upload;524288;0.100134;0.125281;0.025147000327706337;52420;1.6676342885237077E7;0;false;true;
